date_time(UTC:PDT+7),raw_pressure(cm),barocorrected_pressure(cm),water_temperature(deg_C),discharge_flag
2021-07-07 22:30:00,783.8435333333333,3.0674009333333743,19.08658833333333,0
2021-07-07 23:00:00,783.5916,2.950068000000101,19.270128333333332,0
2021-07-07 23:30:00,783.3937,2.899004800000057,19.353099999999998,0
2021-07-08 00:00:00,783.1154666666666,2.7788249666666616,19.364684999999998,0
2021-07-08 00:30:00,782.9849166666667,2.702319066666746,19.298148333333334,0
2021-07-08 01:00:00,782.7805500000001,2.568311700000095,19.19872833333333,0
2021-07-08 01:30:00,782.7982333333333,2.3912323333333916,19.064153333333334,0
2021-07-08 02:00:00,782.9312166666667,2.349846966666746,18.89510333333333,0
2021-07-08 02:30:00,783.0401666666667,2.2660736666666708,18.714998333333334,0
2021-07-08 03:00:00,783.0349166666666,2.150696066666569,18.557153333333336,0
2021-07-08 03:30:00,783.0340333333334,2.187541633333467,18.407048333333332,0
2021-07-08 04:00:00,783.1382333333332,2.0062256333333153,18.232191666666665,0
2021-07-08 04:30:00,783.3834833333333,1.8497138333333396,18.02544,0
2021-07-08 05:00:00,783.5471833333334,1.8370057333335126,17.80523,0
2021-07-08 05:30:00,783.51685,1.7791405000000395,17.577616666666668,0
2021-07-08 06:00:00,783.51105,1.6948236000000634,17.3406,0
2021-07-08 06:30:00,783.5691166666667,1.697826466666811,17.08797,0
2021-07-08 07:00:00,783.5829833333333,1.7096537333334254,16.82084833333333,0
2021-07-08 07:30:00,783.5870166666667,1.7034900666667454,16.545638333333333,0
2021-07-08 08:00:00,783.6250833333334,1.7221824333335007,16.275655,0
2021-07-08 08:30:00,783.6821,1.788376400000061,16.016373333333334,0
2021-07-08 09:00:00,783.6649166666666,1.8119810666665899,15.770898333333333,0
2021-07-08 09:30:00,783.6991166666667,1.7513489666666828,15.533406666666666,0
2021-07-08 10:00:00,783.74105,1.8881143999999495,15.307229999999999,0
2021-07-08 10:30:00,783.8131500000001,1.8959733000001506,15.083125,0
2021-07-08 11:00:00,783.86105,1.9163413999999648,14.870754999999999,0
2021-07-08 11:30:00,783.9542,1.9697231000000102,14.663053333333334,0
2021-07-08 12:00:00,784.01105,2.0347307000000683,14.459965,0
2021-07-08 12:30:00,784.0901666666666,2.083256366666774,14.263876666666667,0
2021-07-08 13:00:00,784.2042,2.12896980000005,14.07549,0
2021-07-08 13:30:00,784.2821,2.159963600000083,13.899313333333334,0
2021-07-08 14:00:00,784.2719333333333,2.2517669333334425,13.739943333333335,0
2021-07-08 14:30:00,784.2810499999999,2.484197899999913,13.603485,0
2021-07-08 15:00:00,784.3461333333333,2.8806837333335125,13.513778333333335,0
2021-07-08 15:30:00,784.4401666666666,2.9492245666666577,13.499718333333334,0
2021-07-08 16:00:00,784.5050833333333,3.0651262333334444,13.586498333333333,0
2021-07-08 16:30:00,784.5971833333333,3.159265633333348,13.833903333333334,0
2021-07-08 17:00:00,784.6440333333334,3.0806925333333766,14.295181666666666,0
2021-07-08 17:30:00,784.7061333333334,3.1427925333333633,14.815761666666667,0
2021-07-08 18:00:00,784.7931500000001,3.0207707000001847,15.313816666666668,0
2021-07-08 18:30:00,784.9042000000001,3.0186340000001337,15.77575,0
2021-07-08 19:00:00,785.04525,2.9537046000000373,16.216628333333333,0
2021-07-08 19:30:00,785.0759666666667,2.8467617666667593,16.625561666666666,0
2021-07-08 20:00:00,784.8945833333333,2.8988897333333625,17.030981666666666,0
2021-07-08 20:30:00,784.8971833333333,2.7934015333333946,17.5319,0
2021-07-08 21:00:00,784.7756333333333,2.7605654333333405,18.091546666666666,0
2021-07-08 21:30:00,784.64685,2.6440185000001293,18.62306,0
2021-07-08 22:00:00,784.7112166666667,2.633947066666792,19.041528333333332,0
2021-07-08 22:30:00,784.5324833333334,2.5123169333335227,19.336433333333336,0
2021-07-08 23:00:00,784.37685,2.479047600000058,19.513636666666667,0
2021-07-08 23:30:00,784.2447500000001,2.3092187000000877,19.591083333333334,0
2021-07-09 00:00:00,784.1649166666666,2.274252166666656,19.57232,0
2021-07-09 00:30:00,784.1079,2.2294719000000214,19.457661666666667,0
2021-07-09 01:00:00,784.0829833333333,2.1454126333334216,19.303435,0
2021-07-09 01:30:00,784.0729833333334,2.0456790333333856,19.135313333333333,0
2021-07-09 02:00:00,784.0279,1.8639559000001782,18.963313333333332,0
2021-07-09 02:30:00,784.2064666666666,1.8487795666667353,18.79131333333333,0
2021-07-09 03:00:00,784.3250833333334,1.7236879333335082,18.63054,0
2021-07-09 03:30:00,784.5084,1.7020449000001463,18.485766666666667,0
2021-07-09 04:00:00,784.7484000000001,1.5076527000001079,18.331733333333332,0
2021-07-09 04:30:00,785.0445333333333,1.4417925333333415,18.144368333333333,0
2021-07-09 05:00:00,785.2943666666666,1.3143368666667357,17.946771666666667,0
2021-07-09 05:30:00,785.4231500000001,1.4268050000000585,17.744860000000003,0
2021-07-09 06:00:00,785.5061333333333,1.2966710333333822,17.53524666666667,0
2021-07-09 06:30:00,785.6142,1.2599403000000393,17.32324666666667,0
2021-07-09 07:00:00,785.7342,1.2738915000001043,17.10844,0
2021-07-09 07:30:00,785.7840333333334,1.3247445333333872,16.895948333333333,0
2021-07-09 08:00:00,785.7408833333334,1.312185533333377,16.684246666666667,0
2021-07-09 08:30:00,785.8463,1.3717157000000952,16.468738333333334,0
2021-07-09 09:00:00,785.9,1.4264354000000594,16.251738333333336,0
2021-07-09 09:30:00,785.9350833333334,1.4339868333335062,16.045263333333335,0
2021-07-09 10:00:00,786.0833166666666,1.4843289666666806,15.841158333333333,0
2021-07-09 10:30:00,786.0768499999999,1.6828219999998737,15.640368333333333,0
2021-07-09 11:00:00,786.0570166666666,1.647693166666727,15.461716666666666,0
2021-07-09 11:30:00,786.1442,1.6451429000001099,15.291716666666666,0
2021-07-09 12:00:00,786.20105,1.553116700000146,15.116103333333333,0
2021-07-09 12:30:00,786.3924333333333,1.506909933333418,14.92828,0
2021-07-09 13:00:00,786.5822666666667,1.5815171666666856,14.737683333333333,0
2021-07-09 13:30:00,786.73525,1.6284517000000278,14.549788333333334,0
2021-07-09 14:00:00,786.84315,1.735332000000085,14.375418333333332,0
2021-07-09 14:30:00,786.9191166666667,2.0019825666666975,14.227468333333332,0
2021-07-09 15:00:00,787.0101666666667,2.247007266666742,14.131971666666667,0
2021-07-09 15:30:00,787.0821,2.5157427000000325,14.13847,0
2021-07-09 16:00:00,787.0298333333334,2.478771533333429,14.273791666666668,0
2021-07-09 16:30:00,786.9298333333334,2.59596763333343,14.556848333333333,0
2021-07-09 17:00:00,786.8719333333333,2.5421464333334143,15.030391666666667,0
2021-07-09 17:30:00,786.88105,2.4207415000000765,15.49733,0
2021-07-09 18:00:00,787.0303333333334,2.481310933333475,15.923401666666667,0
2021-07-09 18:30:00,787.19525,2.518765099999996,16.233538333333335,0
2021-07-09 19:00:00,787.2680666666666,2.5732271666666975,16.504958333333335,0
2021-07-09 19:30:00,787.2379,2.517567999999983,16.634011666666666,0
2021-07-09 20:00:00,787.0445833333333,2.488423033333447,16.764863333333334,0
2021-07-09 20:30:00,786.7805500000001,2.5700680000001057,17.08565,0
2021-07-09 21:00:00,786.7140333333334,2.3363205333334918,17.648961666666665,0
2021-07-09 21:30:00,786.6217666666668,2.3042161666668335,18.182115,0
2021-07-09 22:00:00,786.5659666666667,2.302460266666799,18.730055,0
2021-07-09 22:30:00,786.3916,2.1953938000000335,19.127638333333334,0
2021-07-09 23:00:00,786.0603833333333,2.0426246333333893,19.395206666666667,0
2021-07-09 23:30:00,786.1043666666667,2.0254259666667167,19.5522,0
2021-07-10 00:00:00,786.2261333333333,1.9616072333334387,19.49818666666667,0
2021-07-10 00:30:00,786.2780666666666,1.9656146666667382,19.32528,0
2021-07-10 01:00:00,786.73205,1.9556344999999737,19.187308333333334,0
2021-07-10 01:30:00,787.0112166666667,1.988033766666831,19.061783333333334,0
2021-07-10 02:00:00,787.2113833333333,1.8710737333333327,18.89389333333333,0
2021-07-10 02:30:00,787.3501666666666,1.685592466666776,18.697965,0
2021-07-10 03:00:00,787.4501666666666,1.6683269666666547,18.508191666666665,0
2021-07-10 03:30:00,787.5922666666667,1.643196166666712,18.333015,0
2021-07-10 04:00:00,787.7663,1.4888861000000588,18.164821666666665,0
2021-07-10 04:30:00,787.9322666666667,1.3295684666667285,17.99712,0
2021-07-10 05:00:00,788.1063,1.3282134000000951,17.82841833333333,0
2021-07-10 05:30:00,788.2442,1.5048620000001165,17.659418333333335,0
2021-07-10 06:00:00,788.5466333333333,1.8266696333332675,17.489015,0
2021-07-10 06:30:00,789.0529333333334,2.5175353333333987,17.32152333333333,0
2021-07-10 07:00:00,791.8863333333334,5.5579344333334575,17.143594999999998,0
2021-07-10 07:30:00,792.6060166666666,6.408139366666774,16.958489999999998,0
2021-07-10 08:00:00,792.1423166666666,6.174891566666702,16.75565,0
2021-07-10 08:30:00,791.7954666666667,5.853534066666725,16.521793333333335,0
2021-07-10 09:00:00,791.55265,5.395560700000033,16.27218,0
2021-07-10 09:30:00,791.4128166666667,5.105831466666814,16.010356666666667,0
2021-07-10 10:00:00,791.2958,5.024504300000103,15.73734,0
2021-07-10 10:30:00,791.1266833333334,4.857427033333465,15.462743333333334,0
2021-07-10 11:00:00,791.0559666666667,4.6796418666667705,15.190848333333333,0
2021-07-10 11:30:00,791.0429833333333,4.498408033333362,14.92897,0
2021-07-10 12:00:00,791.0540333333333,4.373837933333334,14.667461666666668,0
2021-07-10 12:30:00,790.9266833333334,4.216916633333426,14.402356666666668,0
2021-07-10 13:00:00,790.9331500000001,4.01740390000009,14.153898333333334,0
2021-07-10 13:30:00,790.9249166666666,4.059135866666679,13.935351666666666,0
2021-07-10 14:00:00,790.9240333333333,4.162261933333411,13.749506666666665,0
2021-07-10 14:30:00,790.8528166666667,4.35616726666683,13.58754,0
2021-07-10 15:00:00,790.6937,4.562103200000138,13.488375,0
2021-07-10 15:30:00,790.6470166666667,4.482789466666759,13.493365,0
2021-07-10 16:00:00,790.5517666666667,4.590459766666868,13.628493333333333,0
2021-07-10 16:30:00,790.3135333333333,4.606131733333314,13.878168333333333,0
2021-07-10 17:00:00,790.1738666666666,4.497056066666687,14.271435,0
2021-07-10 17:30:00,790.1570166666667,4.467969666666704,14.650688333333333,0
2021-07-10 18:00:00,790.2301666666666,4.2953719666666075,14.761613333333333,0
2021-07-10 18:30:00,790.1828166666667,4.5488334666667924,14.769613333333334,0
2021-07-10 19:00:00,790.1710499999999,4.38819060000003,15.051965,0
2021-07-10 19:30:00,789.9133666666667,4.244713666666712,15.726018333333332,0
2021-07-10 20:00:00,789.7298333333333,4.134598733333405,16.408961666666666,0
2021-07-10 20:30:00,789.6719333333333,4.051206233333346,16.844583333333336,0
2021-07-10 21:00:00,789.34425,4.0273935000000165,17.10898,0
2021-07-10 21:30:00,789.0135333333333,3.818021133333332,17.454158333333332,0
2021-07-10 22:00:00,788.8036999999999,3.8518960999999763,17.821793333333332,0
2021-07-10 22:30:00,788.4482833333334,3.7218331333334618,18.125870000000003,0
2021-07-10 23:00:00,788.2007166666667,3.507916566666836,18.3784,0
2021-07-10 23:30:00,788.21315,3.431636000000026,18.638046666666668,0
2021-07-11 00:00:00,788.17685,3.4045132999999623,18.813426666666665,0
2021-07-11 00:30:00,788.0868499999999,3.4929607999999917,18.86242,0
2021-07-11 01:00:00,787.99685,3.4060199000001603,18.828811666666667,0
2021-07-11 01:30:00,787.8647500000001,3.305530600000111,18.729501666666664,0
2021-07-11 02:00:00,787.88315,3.1699559000001045,18.595065,0
2021-07-11 02:30:00,787.93105,3.149536000000012,18.457573333333336,0
2021-07-11 03:00:00,788.0101666666667,3.2184556666668414,18.336308333333335,0
2021-07-11 03:30:00,788.1943666666666,3.064115266666704,18.229026666666666,0
2021-07-11 04:00:00,788.6038166666667,3.1829507666668633,18.107485,0
2021-07-11 04:30:00,789.1288999999999,3.296075299999984,17.94620833333333,0
2021-07-11 05:00:00,789.4794499999999,3.4549217,17.768401666666666,0
2021-07-11 05:30:00,789.5529833333333,3.5763809333333256,17.580981666666666,0
2021-07-11 06:00:00,789.4096666666667,3.489147766666747,17.361213333333335,0
2021-07-11 06:30:00,789.37105,3.4525705000000926,17.118688333333335,0
2021-07-11 07:00:00,789.2958,3.385478100000114,16.86818,0
2021-07-11 07:30:00,789.1056333333333,3.3380694333334304,16.62881,0
2021-07-11 08:00:00,788.9487833333333,3.3351941333334025,16.399721666666668,0
2021-07-11 08:30:00,788.8187833333333,3.2490412333334007,16.169213333333335,0
2021-07-11 09:00:00,788.7449166666667,3.1833321666666734,15.944931666666667,0
2021-07-11 09:30:00,788.73,3.293838600000072,15.728843333333332,0
2021-07-11 10:00:00,788.5756333333334,3.2404222333334474,15.519755,0
2021-07-11 10:30:00,788.4468499999999,3.165683000000058,15.321876666666666,0
2021-07-11 11:00:00,788.4480666666667,3.0985797666667168,15.137699999999999,0
2021-07-11 11:30:00,788.4038666666667,3.1583891666667796,14.952086666666666,0
2021-07-11 12:00:00,788.2887833333333,3.081034733333354,14.758473333333333,0
2021-07-11 12:30:00,788.3412166666667,3.062089066666772,14.568788333333334,0
2021-07-11 13:00:00,788.4150833333333,3.020729633333417,14.388805,0
2021-07-11 13:30:00,788.4650833333334,2.971818733333407,14.206893333333333,0
2021-07-11 14:00:00,788.3747500000001,3.080326900000159,14.032015,0
2021-07-11 14:30:00,788.4001666666667,3.304585066666732,13.877153333333334,0
2021-07-11 15:00:00,788.3808833333334,3.495359933333475,13.775463333333333,0
2021-07-11 15:30:00,788.3880666666666,3.5310948666667628,13.777663333333333,0
2021-07-11 16:00:00,788.3508833333334,3.5316404333334503,13.920211666666667,0
2021-07-11 16:30:00,788.2949166666666,3.603136266666752,14.208953333333334,0
2021-07-11 17:00:00,788.4063,3.649258800000098,14.522008333333332,0
2021-07-11 17:30:00,788.3266833333333,3.6298044333334474,14.934363333333334,0
2021-07-11 18:00:00,788.1858,3.603127500000028,15.354473333333333,0
2021-07-11 18:30:00,788.0166833333334,3.5706506333333436,15.627963333333334,0
2021-07-11 19:00:00,787.89685,3.543610000000058,15.94139,0
2021-07-11 19:30:00,787.7437,3.5444347000001244,16.216803333333335,0
2021-07-11 20:00:00,787.4374,3.3737548000001425,16.539495000000002,0
2021-07-11 20:30:00,787.1686166666667,3.262005266666847,16.951225,0
2021-07-11 21:00:00,787.0438666666666,3.45846076666669,17.218526666666666,0
2021-07-11 21:30:00,786.8375666666667,3.487711466666724,17.42435,0
2021-07-11 22:00:00,786.5635333333333,3.3340027333334774,17.87853,0
2021-07-11 22:30:00,786.2414333333334,3.24949283333342,18.430215,0
2021-07-11 23:00:00,786.1049166666667,3.15682326666672,18.791168333333335,0
2021-07-11 23:30:00,785.8023166666667,3.018394966666847,18.901663333333335,0
2021-07-12 00:00:00,785.7501666666666,2.8204278666665914,18.839325,0
2021-07-12 00:30:00,785.8221,2.805686700000024,18.71959,0
2021-07-12 01:00:00,785.84,2.8011533000001236,18.62306,0
2021-07-12 01:30:00,785.7137,2.7880400000000236,18.553093333333333,0
2021-07-12 02:00:00,785.7161333333333,2.6558729333333986,18.496811666666666,0
2021-07-12 02:30:00,785.9154166666667,2.6991421666667748,18.440303333333333,0
2021-07-12 03:00:00,786.1513833333333,2.63123823333342,18.345816666666664,0
2021-07-12 03:30:00,786.3533166666666,2.5262418666667372,18.230203333333332,0
2021-07-12 04:00:00,786.5924333333332,2.3666558333333114,18.096065,0
2021-07-12 04:30:00,786.8103333333333,2.2725276333333113,17.954363333333333,0
2021-07-12 05:00:00,786.7437,2.2313868000001094,17.822186666666667,0
2021-07-12 05:30:00,786.6619333333333,2.1373837333333086,17.684363333333334,0
2021-07-12 06:00:00,786.5517666666667,2.1047142666668606,17.52412,0
2021-07-12 06:30:00,786.4819333333334,2.0328415333334533,17.34349,0
2021-07-12 07:00:00,786.4770166666667,2.010589966666771,17.145561666666666,0
2021-07-12 07:30:00,786.3537,1.973947800000019,16.941158333333334,0
2021-07-12 08:00:00,786.2649166666666,2.002429966666682,16.729843333333335,0
2021-07-12 08:30:00,786.25,1.9253116000001,16.51444,0
2021-07-12 09:00:00,786.22895,1.9888967000000548,16.294230000000002,0
2021-07-12 09:30:00,786.2340333333334,1.9939800333334006,16.079246666666666,0
2021-07-12 10:00:00,786.3101666666666,2.059916366666812,15.866545,0
2021-07-12 10:30:00,786.2838666666667,2.114172666666718,15.657053333333334,0
2021-07-12 11:00:00,786.3371833333333,2.1073270333333767,15.448351666666666,0
2021-07-12 11:30:00,786.3349166666667,2.2151879666668037,15.24286,0
2021-07-12 12:00:00,786.38315,2.1267815000001065,15.036755,0
2021-07-12 12:30:00,786.4240333333333,2.1095419333333894,14.832561666666667,0
2021-07-12 13:00:00,786.5843666666666,2.0190290666666897,14.643595000000001,0
2021-07-12 13:30:00,786.7412166666667,2.0688105666666843,14.456385000000001,0
2021-07-12 14:00:00,786.7870166666667,2.276742866666723,14.270893333333333,0
2021-07-12 14:30:00,786.6917666666667,2.5424666666666553,14.113556666666666,0
2021-07-12 15:00:00,786.6219333333333,2.8427844333334633,14.009656666666666,0
2021-07-12 15:30:00,786.5258,2.828227100000049,14.004348333333333,0
2021-07-12 16:00:00,786.5391166666666,2.8231891666666797,14.128775000000001,0
2021-07-12 16:30:00,786.5038666666667,2.8531999666666934,14.389201666666667,0
2021-07-12 17:00:00,786.4589500000001,2.914332100000138,14.815098333333333,0
2021-07-12 17:30:00,786.42895,2.8935094000000845,15.285678333333333,0
2021-07-12 18:00:00,786.3428166666666,2.79921846666673,15.773728333333334,0
2021-07-12 18:30:00,786.2678999999999,2.7803853000000345,16.267921666666666,0
2021-07-12 19:00:00,786.1587833333333,2.632520033333435,16.801618333333334,0
2021-07-12 19:30:00,786.0358,2.6043688000000884,17.364546666666666,0
2021-07-12 20:00:00,785.8386166666667,2.567278366666642,17.924828333333334,0
2021-07-12 20:30:00,785.77,2.659774299999981,18.434115,0
2021-07-12 21:00:00,785.6507166666667,2.5476288666667415,18.923115,0
2021-07-12 21:30:00,785.45265,2.5055763000000297,19.37633,0
2021-07-12 22:00:00,785.2286166666667,2.343744666666794,19.75188166666667,0
2021-07-12 22:30:00,785.1670166666667,2.306617466666694,20.03282,0
2021-07-12 23:00:00,785.0507166666666,2.288208666666719,20.21325,0
2021-07-12 23:30:00,784.9508833333333,2.1628828333334695,20.272735,0
2021-07-13 00:00:00,784.8317666666667,2.113105766666763,20.250933333333332,0
2021-07-13 00:30:00,784.6496666666667,2.0676455666666698,20.159711666666666,0
2021-07-13 01:00:00,784.44265,2.0706870999999865,20.02776666666667,0
2021-07-13 01:30:00,784.3308833333333,1.8773444333334055,19.856893333333332,0
2021-07-13 02:00:00,784.33105,1.704162100000076,19.672191666666667,0
2021-07-13 02:30:00,784.34,1.7437031000001753,19.487893333333332,0
2021-07-13 03:00:00,784.3750833333334,1.6625406333333785,19.31933,0
2021-07-13 03:30:00,784.4321,1.4809475000000702,19.150313333333333,0
2021-07-13 04:00:00,784.63945,1.2936736000000337,18.96989333333333,0
2021-07-13 04:30:00,784.8884,1.2203984000001356,18.76765,0
2021-07-13 05:00:00,784.9459666666667,1.2483937666667089,18.552036666666666,0
2021-07-13 05:30:00,784.9329833333334,1.2405089333334445,18.33123,0
2021-07-13 06:00:00,784.8387833333333,1.1901560333333236,18.112738333333333,0
2021-07-13 06:30:00,784.6877333333333,1.1624897333333593,17.877495,0
2021-07-13 07:00:00,784.5979,1.1032473999999866,17.633793333333333,0
2021-07-13 07:30:00,784.58,1.1291945000000396,17.38839,0
2021-07-13 08:00:00,784.4887833333333,1.248036033333392,17.13818,0
2021-07-13 08:30:00,784.42895,1.232049800000027,16.888285,0
2021-07-13 09:00:00,784.3217666666667,1.1860484666667617,16.637881666666665,0
2021-07-13 09:30:00,784.3501666666666,1.2960244666667222,16.400213333333333,0
2021-07-13 10:00:00,784.35895,1.3129654000001665,16.16681,0
2021-07-13 10:30:00,784.3429833333333,1.3082154333334302,15.939125,0
2021-07-13 11:00:00,784.3891166666666,1.3492502666666724,15.722545,0
2021-07-13 11:30:00,784.4450833333334,1.379724433333422,15.51165,0
2021-07-13 12:00:00,784.4179,1.412703400000055,15.298843333333332,0
2021-07-13 12:30:00,784.4491166666667,1.3133984666667402,15.093965,0
2021-07-13 13:00:00,784.5471833333334,1.302357233333396,14.898578333333333,0
2021-07-13 13:30:00,784.5659666666667,1.3609088666667049,14.712595,0
2021-07-13 14:00:00,784.5529833333333,1.5559443333332865,14.539418333333334,0
2021-07-13 14:30:00,784.5079,1.803514899999982,14.395678333333333,0
2021-07-13 15:00:00,784.5250833333333,2.1051945333333606,14.299866666666667,0
2021-07-13 15:30:00,784.5329833333333,2.0580307333333394,14.28863,0
2021-07-13 16:00:00,784.5861333333334,2.1774612333334744,14.396443333333334,0
2021-07-13 16:30:00,784.5258,2.1619947000000366,14.663129999999999,0
2021-07-13 17:00:00,784.5671833333333,2.219693233333487,15.029544999999999,0
2021-07-13 17:30:00,784.70525,2.313912800000139,15.328135,0
2021-07-13 18:00:00,784.7079,2.155450200000132,15.603168333333333,0
2021-07-13 18:30:00,784.7461333333333,2.2426291333333666,15.867328333333333,0
2021-07-13 19:00:00,784.74895,2.2046578000001773,16.28501,0
2021-07-13 19:30:00,784.6487833333333,2.165673133333371,16.83416,0
2021-07-13 20:00:00,784.4837,2.0444369000001643,17.4691,0
2021-07-13 20:30:00,784.28265,1.9739085000001069,18.076475000000002,0
2021-07-13 21:00:00,784.1007166666667,1.836841966666725,18.606043333333336,0
2021-07-13 21:30:00,783.8815999999999,1.7370301999999356,19.0517,0
2021-07-13 22:00:00,783.7328166666667,1.779950466666719,19.391008333333332,0
2021-07-13 22:30:00,783.5737,1.7105674000001727,19.62864833333333,0
2021-07-13 23:00:00,783.3726499999999,1.7175361999999268,19.756255,0
2021-07-13 23:30:00,783.2398333333333,1.5214981333333526,19.770668333333333,0
2021-07-14 00:00:00,783.0766833333333,1.4460423333333665,19.730618333333336,0
2021-07-14 00:30:00,783.0059666666666,1.4252909666666937,19.62759,0
2021-07-14 01:00:00,782.9228166666667,1.4267760666667755,19.467208333333332,0
2021-07-14 01:30:00,782.9180666666666,1.2864059666667345,19.280279999999998,0
2021-07-14 02:00:00,782.99315,1.121859800000152,19.078456666666668,0
2021-07-14 02:30:00,783.1322666666666,1.0825289666665867,18.889296666666667,0
2021-07-14 03:00:00,783.2221,1.038781599999993,18.72133,0
2021-07-14 03:30:00,783.2470166666667,0.9474524666668458,18.562136666666667,0
2021-07-14 04:00:00,783.35525,0.7630319000001009,18.38378833333333,0
2021-07-14 04:30:00,783.4561333333334,0.6864874333333546,18.186263333333333,0
2021-07-14 05:00:00,783.5221,0.6188734000000977,17.97935166666667,0
2021-07-14 05:30:00,783.51895,0.5657581000000391,17.772456666666667,0
2021-07-14 06:00:00,783.5029833333333,0.5803824333332841,17.56294833333333,0
2021-07-14 06:30:00,783.5631500000001,0.4631213000001253,17.346335,0
2021-07-14 07:00:00,783.6180666666667,0.5639244666667764,17.124528333333334,0
2021-07-14 07:30:00,783.5879,0.5347775000000183,16.8896,0
2021-07-14 08:00:00,783.63315,0.485195400000066,16.643986666666667,0
2021-07-14 08:30:00,783.63895,0.5909260000000813,16.400898333333334,0
2021-07-14 09:00:00,783.5808833333333,0.5420366333333959,16.149373333333333,0
2021-07-14 09:30:00,783.5038666666667,0.5710687666668264,15.905301666666666,0
2021-07-14 10:00:00,783.4659666666666,0.4984989666667161,15.662091666666667,0
2021-07-14 10:30:00,783.4459666666667,0.4723807666666744,15.423406666666667,0
2021-07-14 11:00:00,783.4470166666667,0.5866174666667803,15.182495,0
2021-07-14 11:30:00,783.4359666666667,0.5796462666667139,14.96265,0
2021-07-14 12:00:00,783.5563,0.6133051000000478,14.730196666666666,0
2021-07-14 12:30:00,783.6661333333334,0.5814001333335455,14.49381,0
2021-07-14 13:00:00,783.8303333333333,0.6130391333333591,14.275948333333332,0
2021-07-14 13:30:00,783.9110499999999,0.6346131999998761,14.068456666666666,0
2021-07-14 14:00:00,783.9480666666667,0.8062302666668302,13.877893333333333,0
2021-07-14 14:30:00,783.9950833333334,1.045970233333378,13.719855,0
2021-07-14 15:00:00,784.0871833333333,1.5337138333334224,13.613551666666666,0
2021-07-14 15:30:00,784.0849166666667,1.5661169666667547,13.601735,0
2021-07-14 16:00:00,783.9016,1.5612478000000465,13.70062,0
2021-07-14 16:30:00,783.80895,1.6684589999999844,13.958218333333333,0
2021-07-14 17:00:00,783.7719333333333,1.711998633333451,14.393413333333333,0
2021-07-14 17:30:00,783.7038666666666,1.7540595666667969,14.87159,0
2021-07-14 18:00:00,783.6308833333334,1.7453173333334462,15.34559,0
2021-07-14 18:30:00,783.6521,1.7604158000000325,15.829413333333333,0
2021-07-14 19:00:00,783.5296666666667,1.5890368666666745,16.34969,0
2021-07-14 19:30:00,783.5401666666667,1.5873004666666475,16.892811666666667,0
2021-07-14 20:00:00,783.5840333333334,1.6281080333335467,17.445425,0
2021-07-14 20:30:00,783.4847500000001,1.516588300000194,17.97727,0
2021-07-14 21:00:00,783.3628166666667,1.4558369666668796,18.477518333333332,0
2021-07-14 21:30:00,783.26685,1.315003499999989,18.912385,0
2021-07-14 22:00:00,783.0224833333333,1.2256312333332744,19.260235,0
2021-07-14 22:30:00,782.8457999999999,1.1774301000000378,19.513173333333334,0
2021-07-14 23:00:00,782.7538666666667,1.1273044666667147,19.663498333333333,0
2021-07-14 23:30:00,782.6107166666667,0.8240615666667281,19.70742,0
2021-07-15 00:00:00,782.5108833333334,0.8078436333333912,19.654165,0
2021-07-15 00:30:00,782.4479,0.7020329000000629,19.540186666666667,0
2021-07-15 01:00:00,782.3036999999999,0.6567437999999584,19.364473333333333,0
2021-07-15 01:30:00,782.2429833333333,0.6694455333333735,19.1376,0
2021-07-15 02:00:00,782.2049166666667,0.5528619666666827,18.89619666666667,0
2021-07-15 02:30:00,782.29525,0.4596493000000237,18.687175,0
2021-07-15 03:00:00,782.3961333333333,0.31070613333338315,18.49849,0
2021-07-15 03:30:00,782.4340333333333,0.1976905333333434,18.318804999999998,0
2021-07-15 04:00:00,782.5101666666667,0.19020846666671787,18.136893333333333,0
2021-07-15 04:30:00,782.5821,0.027610800000047675,17.945175,0
2021-07-15 05:00:00,782.6280666666667,-0.02839253333331726,17.744561666666666,0
2021-07-15 05:30:00,782.64,-0.1388232000000471,17.538755000000002,0
2021-07-15 06:00:00,782.5908833333334,-0.2103732666664655,17.32965,0
2021-07-15 06:30:00,782.4858,-0.24203819999991083,17.11544,0
2021-07-15 07:00:00,782.5763000000001,-0.40646319999984826,16.894528333333334,0
2021-07-15 07:30:00,782.6370166666667,-0.3467662333332555,16.672230000000003,0
2021-07-15 08:00:00,782.6329833333333,-0.36609506666661673,16.442511666666668,0
2021-07-15 08:30:00,782.6580666666666,-0.3512087333333511,16.196881666666666,0
2021-07-15 09:00:00,782.6349166666666,-0.21732493333331604,15.955705,0
2021-07-15 09:30:00,782.72525,-0.24833590000002914,15.706075,0
2021-07-15 10:00:00,782.6296666666667,-0.11856553333325337,15.459495,0
2021-07-15 10:30:00,782.5279,-0.13671679999993103,15.2186,0
2021-07-15 11:00:00,782.5942,-0.11834269999997105,14.9786,0
2021-07-15 11:30:00,782.5808833333333,-0.12452146666657882,14.730179999999999,0
2021-07-15 12:00:00,782.58105,-0.2212262999998984,14.520981666666668,0
2021-07-15 12:30:00,782.6671833333334,-0.3084419666664644,14.305423333333334,0
2021-07-15 13:00:00,782.88945,-0.15551489999995738,14.088545,0
2021-07-15 13:30:00,783.0191166666666,-0.17982293333329835,13.876246666666667,0
2021-07-15 14:00:00,783.1242,-0.046188000000029206,13.668456666666666,0
2021-07-15 14:30:00,783.1459666666666,0.36510406666661765,13.478594999999999,0
2021-07-15 15:00:00,783.0628166666667,0.8070995666668068,13.33559,0
2021-07-15 15:30:00,783.0791166666667,0.7652766666667503,13.286071666666667,0
2021-07-15 16:00:00,783.0438666666666,1.0440942666666615,13.346956666666667,0
2021-07-15 16:30:00,782.9428166666667,1.1214917666667361,13.561643333333333,0
2021-07-15 17:00:00,782.8258,1.0432236999999986,13.976396666666666,0
2021-07-15 17:30:00,782.79,1.1318271000001232,14.483165,0
2021-07-15 18:00:00,782.76895,1.0414375000001428,14.997253333333333,0
2021-07-15 18:30:00,782.6828166666667,0.9461268666667593,15.517673333333333,0
2021-07-15 19:00:00,782.5658,0.9698287999999593,16.054303333333333,0
2021-07-15 19:30:00,782.2774,0.5927149000000327,16.625773333333335,0
2021-07-15 20:00:00,782.2471833333333,0.5920695333333015,17.226613333333333,0
2021-07-15 20:30:00,782.25895,0.7139638000001014,17.796021666666665,0
2021-07-15 21:00:00,782.1798333333334,0.5430741333334481,18.290081666666666,0
2021-07-15 21:30:00,782.0938666666667,0.597826066666812,18.702246666666667,0
2021-07-15 22:00:00,781.9016,0.4208549000001085,19.040428333333335,0
2021-07-15 22:30:00,781.72475,0.4112357000000202,19.259896666666666,0
2021-07-15 23:00:00,781.4835333333333,0.4157667333332711,19.381763333333335,0
2021-07-15 23:30:00,781.1754666666667,0.3034824666667646,19.408895,0
2021-07-16 00:00:00,780.9817666666668,0.06899446666682252,19.344148333333333,0
2021-07-16 00:30:00,780.8908833333334,0.05356893333350854,19.176666666666666,0
2021-07-16 01:00:00,780.7226499999999,-0.03614749999997002,18.933865,0
2021-07-16 01:30:00,780.6459666666666,-0.08937773333343557,18.661638333333336,0
2021-07-16 02:00:00,780.6680666666666,-0.2610207333332255,18.384638333333335,0
2021-07-16 02:30:00,780.7571833333333,-0.23920426666666117,18.110445,0
2021-07-16 03:00:00,780.7970166666667,-0.3880154333332939,17.870423333333335,0
2021-07-16 03:30:00,780.7719333333333,-0.4773398666666253,17.648633333333333,0
2021-07-16 04:00:00,780.9424333333333,-0.6769909666666081,17.441263333333332,0
2021-07-16 04:30:00,781.1252499999999,-0.7868281999999454,17.226633333333336,0
2021-07-16 05:00:00,781.2121,-0.8478346999999076,16.9926,0
2021-07-16 05:30:00,781.1738666666666,-0.9676440333333858,16.726638333333334,0
2021-07-16 06:00:00,781.12895,-1.092097299999864,16.464373333333334,0
2021-07-16 06:30:00,781.14105,-1.157494500000098,16.213285,0
2021-07-16 07:00:00,781.0728166666667,-1.244082433333233,15.947445,0
2021-07-16 07:30:00,781.0049166666666,-1.255898933333242,15.66813,0
2021-07-16 08:00:00,781.0040333333334,-1.3291809666666268,15.370693333333334,0
2021-07-16 08:30:00,781.0380666666666,-1.36754633333328,15.067395,0
2021-07-16 09:00:00,780.9728166666667,-1.3226687333331029,14.768604999999999,0
2021-07-16 09:30:00,780.8558,-1.311203199999909,14.468798333333332,0
2021-07-16 10:00:00,780.7708833333334,-1.2686573666666163,14.170605,0
2021-07-16 10:30:00,780.7991166666667,-1.2536801333333187,13.870798333333333,0
2021-07-16 11:00:00,780.8340333333334,-1.2177437666664446,13.566991666666668,0
2021-07-16 11:30:00,780.8470166666667,-1.2526863333331448,13.276726666666667,0
2021-07-16 12:00:00,780.8780666666667,-1.2624243333333425,13.012373333333333,0
2021-07-16 12:30:00,781.0443666666666,-1.2796703333333426,12.729008333333333,0
2021-07-16 13:00:00,781.21525,-1.2433873999999605,12.454356666666667,0
2021-07-16 13:30:00,781.2950833333333,-1.1615146666665623,12.197478333333333,0
2021-07-16 14:00:00,781.33105,-1.0042036999999482,11.94939,0
2021-07-16 14:30:00,781.3470166666667,-0.5354902333332348,11.730755,0
2021-07-16 15:00:00,781.3850833333333,-0.05181466666658707,11.563048333333334,0
2021-07-16 15:30:00,781.4771833333333,-0.0005026666666481105,11.50116,0
2021-07-16 16:00:00,781.4819333333334,0.05931113333349458,11.55294,0
2021-07-16 16:30:00,781.3998333333334,0.21276183333350218,11.784991666666667,0
2021-07-16 17:00:00,781.3138666666666,0.19613476666665974,12.265231666666667,0
2021-07-16 17:30:00,781.2619333333333,0.15541813333334176,12.850193333333333,0
2021-07-16 18:00:00,781.3131500000001,0.2708759000001919,13.433563333333334,0
2021-07-16 18:30:00,781.31895,0.29095169999993686,14.01016,0
2021-07-16 19:00:00,781.2749166666666,0.23570166666672776,14.623348333333333,0
2021-07-16 19:30:00,781.2319333333334,0.22534873333336236,15.241121666666666,0
2021-07-16 20:00:00,781.1498333333334,0.2064701333334824,15.855525,0
2021-07-16 20:30:00,781.0217666666667,0.23951606666673797,16.436845,0
2021-07-16 21:00:00,780.8677333333334,0.20784673333344017,16.987706666666668,0
2021-07-16 21:30:00,780.63055,0.17562310000005255,17.451015,0
2021-07-16 22:00:00,780.4938666666667,0.06545196666672837,17.802831666666666,0
2021-07-16 22:30:00,780.4559666666667,0.059162666666793484,18.065698333333334,0
2021-07-16 23:00:00,780.3307166666667,-0.014082633333146077,18.226111666666668,0
2021-07-16 23:30:00,780.1537,-0.022848800000019764,18.282243333333334,0
2021-07-17 00:00:00,780.0929833333333,-0.04583656666659408,18.251408333333334,0
2021-07-17 00:30:00,779.8935333333333,-0.15453326666670364,18.138871666666667,0
2021-07-17 01:00:00,779.6836999999999,-0.29400729999997566,17.955561666666664,0
2021-07-17 01:30:00,779.6019333333334,-0.36557696666659467,17.732915000000002,0
2021-07-17 02:00:00,779.7163,-0.45922909999990225,17.51103666666667,0
2021-07-17 02:30:00,779.9243666666666,-0.5866437333332897,17.29724666666667,0
2021-07-17 03:00:00,780.0531500000001,-0.7148247999998603,17.09507,0
2021-07-17 03:30:00,780.18525,-0.8182754999999133,16.906893333333333,0
2021-07-17 04:00:00,780.3913833333334,-0.9333476666665774,16.730611666666665,0
2021-07-17 04:30:00,780.56525,-1.0225635999998985,16.548489999999997,0
2021-07-17 05:00:00,780.5258,-1.2302640999999994,16.34915833333333,0
2021-07-17 05:30:00,780.4198333333334,-1.1965318666665326,16.137843333333336,0
2021-07-17 06:00:00,780.3619333333334,-1.3339684666666471,15.937876666666668,0
2021-07-17 06:30:00,780.3780666666667,-1.2974411333332228,15.74107,0
2021-07-17 07:00:00,780.2707166666667,-1.3405500333333293,15.54728,0
2021-07-17 07:30:00,780.2270166666667,-1.3903682333333336,15.339141666666666,0
2021-07-17 08:00:00,780.1247500000001,-1.3590541999998322,15.130456666666667,0
2021-07-17 08:30:00,780.2063,-1.2571101999999428,14.915335,0
2021-07-17 09:00:00,780.2810499999999,-1.2802513999998837,14.694931666666665,0
2021-07-17 09:30:00,780.31105,-1.2910393999999314,14.47323,0
2021-07-17 10:00:00,780.38315,-1.287259299999846,14.250528333333333,0
2021-07-17 10:30:00,780.5082333333332,-1.230495866666729,14.038755,0
2021-07-17 11:00:00,780.6833166666667,-1.2736283333332494,13.820528333333334,0
2021-07-17 11:30:00,780.8382333333333,-1.2818636666665952,13.608755,0
2021-07-17 12:00:00,780.9291166666667,-1.2623593333332792,13.402456666666666,0
2021-07-17 12:30:00,781.1464666666667,-1.2632251333332079,13.200666666666667,0
2021-07-17 13:00:00,781.4124333333333,-1.2134348666667165,13.003473333333334,0
2021-07-17 13:30:00,781.6513833333333,-1.1600702666665939,12.813788333333333,0
2021-07-17 14:00:00,781.7059666666667,-0.9576304333332928,12.64012,0
2021-07-17 14:30:00,781.8192833333334,-0.5557386666665707,12.486855,0
2021-07-17 15:00:00,781.8279,-0.23917259999996077,12.37985,0
2021-07-17 15:30:00,781.8521,-0.2210907999999563,12.357911666666666,0
2021-07-17 16:00:00,781.8419333333334,-0.17721336666659226,12.435078333333333,0
2021-07-17 16:30:00,781.7879,-0.1578282999998919,12.675395,0
2021-07-17 17:00:00,781.7629833333333,-0.1817252666667173,13.186403333333333,0
2021-07-17 17:30:00,781.8512166666667,-0.24644693333334544,13.81226,0
2021-07-17 18:00:00,781.8619333333334,-0.36931096666660324,14.415983333333333,0
2021-07-17 18:30:00,781.8780666666667,-0.3123896333332823,15.036856666666667,0
2021-07-17 19:00:00,782.0022666666666,-0.2830217333333849,15.673663333333334,0
2021-07-17 19:30:00,781.9798333333333,-0.2850610666665716,16.325696666666666,0
2021-07-17 20:00:00,781.95,-0.2047668000000158,16.954226666666667,0
2021-07-17 20:30:00,781.84475,-0.3263319999999794,17.544966666666667,0
2021-07-17 21:00:00,781.94735,-0.31040649999988545,18.04357333333333,0
2021-07-17 21:30:00,782.0380666666666,-0.3563296333334165,18.460561666666667,0
2021-07-17 22:00:00,781.9728166666667,-0.24313213333323347,18.76704666666667,0
2021-07-17 22:30:00,781.7786166666667,-0.36085463333324697,18.95365333333333,0
2021-07-17 23:00:00,781.6608833333333,-0.5652624666665815,19.056536666666666,0
2021-07-17 23:30:00,781.5768499999999,-0.5840349999999717,19.078895,0
2021-07-18 00:00:00,781.5640333333333,-0.6763882666666632,19.000816666666665,0
2021-07-18 00:30:00,781.6121,-0.5895729999998593,18.82135166666667,0
2021-07-18 01:00:00,781.7071833333333,-0.600538466666535,18.578671666666665,0
2021-07-18 01:30:00,781.7329833333333,-0.7205555666665759,18.31605833333333,0
2021-07-18 02:00:00,781.7229833333333,-0.7723632666665026,18.049654999999998,0
2021-07-18 02:30:00,781.7691166666666,-1.0199035333332631,17.79037333333333,0
2021-07-18 03:00:00,781.9794499999999,-1.0002541000001202,17.563843333333335,0
2021-07-18 03:30:00,782.12315,-1.0584546999998565,17.377208333333332,0
2021-07-18 04:00:00,782.2692833333333,-1.2019161666665923,17.20431333333333,0
2021-07-18 04:30:00,782.5305000000001,-1.4179190999999491,17.023893333333334,0
2021-07-18 05:00:00,782.7182333333333,-1.5646473666666907,16.832876666666667,0
2021-07-18 05:30:00,782.8933166666667,-1.5986025333331781,16.625545,0
2021-07-18 06:00:00,782.9219333333333,-1.5934389666666675,16.421666666666667,0
2021-07-18 06:30:00,783.0363,-1.674854699999969,16.227981666666665,0
2021-07-18 07:00:00,783.15315,-1.5906350999998722,16.043998333333334,0
2021-07-18 07:30:00,783.2080666666667,-1.5520336333332807,15.855981666666667,0
2021-07-18 08:00:00,783.2270166666667,-1.638112733333287,15.662876666666667,0
2021-07-18 08:30:00,783.2370166666667,-1.7300827333332336,15.472385000000001,0
2021-07-18 09:00:00,783.24,-1.717922099999896,15.267948333333333,0
2021-07-18 09:30:00,783.2891166666666,-1.7707754333333696,15.067473333333334,0
2021-07-18 10:00:00,783.3170166666666,-1.7285996333332605,14.863755,0
2021-07-18 10:30:00,783.3059666666667,-1.7783982333331778,14.65465,0
2021-07-18 11:00:00,783.36315,-1.642697999999882,14.445351666666665,0
2021-07-18 11:30:00,783.4952499999999,-1.6350013999999646,14.246876666666667,0
2021-07-18 12:00:00,783.6382333333332,-1.673524666666708,14.052175,0
2021-07-18 12:30:00,783.7712166666666,-1.6863584333333392,13.858578333333334,0
2021-07-18 13:00:00,783.9292833333333,-1.625163266666732,13.673998333333333,0
2021-07-18 13:30:00,784.0642,-1.561625599999843,13.500015,0
2021-07-18 14:00:00,784.1,-1.2494868999999653,13.345855,0
2021-07-18 14:30:00,784.0789500000001,-0.894267599999921,13.219203333333333,0
2021-07-18 15:00:00,784.0840333333334,-0.7015594666664811,13.140496666666666,0
2021-07-18 15:30:00,784.0058,-0.565655799999945,13.141646666666666,0
2021-07-18 16:00:00,783.8507166666667,-0.4770308333332878,13.232796666666667,0
2021-07-18 16:30:00,783.7649166666666,-0.40069853333329775,13.464466666666667,0
2021-07-18 17:00:00,783.6728166666667,-0.3133313333332808,13.987243333333334,0
2021-07-18 17:30:00,783.7171833333333,-0.30465416666663714,14.591491666666666,0
2021-07-18 18:00:00,783.7850833333333,-0.2285965666666243,15.024406666666666,0
2021-07-18 18:30:00,783.77895,-0.22453289999987192,15.272631666666667,0
2021-07-18 19:00:00,783.83315,-0.2977953999999272,15.388133333333334,0
2021-07-18 19:30:00,783.8880666666666,-0.28366673333323433,15.401475,0
2021-07-18 20:00:00,784.0192833333333,-0.2676761666666607,15.348585,0
2021-07-18 20:30:00,784.1542000000001,-0.34485709999978553,15.262744999999999,0
2021-07-18 21:00:00,784.5127666666667,-0.14944243333320628,15.174656666666666,0
2021-07-18 21:30:00,785.0850333333333,0.01494423333326722,15.050064999999998,0
2021-07-18 22:00:00,785.3892833333333,-0.5026839666666092,14.922396666666666,0
2021-07-18 22:30:00,785.6855833333333,-0.32976766666661206,14.799695,0
2021-07-18 23:00:00,785.8250833333334,-0.23003596666649173,14.696341666666665,0
2021-07-18 23:30:00,785.7277333333333,-0.23867206666659513,14.637828333333333,0
2021-07-19 00:00:00,785.5396666666667,-0.2870398333332105,14.645348333333333,0
2021-07-19 00:30:00,785.3607166666667,-0.26714833333323895,14.708028333333333,0
2021-07-19 01:00:00,785.1275666666667,-0.22090053333329251,14.780818333333333,0
2021-07-19 01:30:00,784.9798333333333,-0.2615653666665594,14.859536666666667,0
2021-07-19 02:00:00,785.0271833333333,-0.2815155666667124,14.905751666666665,0
2021-07-19 02:30:00,785.0459666666666,-0.16076223333334383,14.917105,0
2021-07-19 03:00:00,784.8365166666666,-0.13874033333320313,14.887126666666667,0
2021-07-19 03:30:00,784.6377333333334,-0.22943546666658676,14.811551666666666,0
2021-07-19 04:00:00,784.8987333333333,-0.4079261666665843,14.701501666666667,0
2021-07-19 04:30:00,785.09315,-0.4347843999998986,14.562153333333335,0
2021-07-19 05:00:00,785.2743666666667,-0.5013548333332665,14.409241666666667,0
2021-07-19 05:30:00,785.4382333333333,-0.45679306666670527,14.257048333333334,0
2021-07-19 06:00:00,785.6133166666666,-0.40611313333329235,14.109556666666666,0
2021-07-19 06:30:00,785.8033166666667,-0.3354180333333261,13.971976666666666,0
2021-07-19 07:00:00,785.9722666666667,-0.16952713333330394,13.840783333333333,0
2021-07-19 07:30:00,785.9779,-0.10067240000000766,13.7178,0
2021-07-19 08:00:00,785.9740333333334,-0.005628166666497236,13.5978,0
2021-07-19 08:30:00,785.8537,-0.03622789999997167,13.47359,0
2021-07-19 09:00:00,785.73685,-0.020516899999847737,13.350396666666667,0
2021-07-19 09:30:00,785.7240333333334,-0.07106246666660354,13.233308333333333,0
2021-07-19 10:00:00,785.6949166666666,-0.11955343333329438,13.126026666666666,0
2021-07-19 10:30:00,785.65895,-0.14838220000001456,13.030446666666666,0
2021-07-19 11:00:00,785.5938666666667,-0.133928933333209,12.946165,0
2021-07-19 11:30:00,785.4858,-0.19406969999988632,12.856745,0
2021-07-19 12:00:00,785.5271833333333,-0.2342623666665986,12.772866666666667,0
2021-07-19 12:30:00,785.3916,-0.0935069999999314,12.696375,0
2021-07-19 13:00:00,785.3480666666667,-0.17680863333316665,12.622076666666667,0
2021-07-19 13:30:00,785.5775166666666,-0.2604065333333665,12.54527,0
2021-07-19 14:00:00,785.6980666666667,-0.20409763333327646,12.485513333333333,0
2021-07-19 14:30:00,785.7871833333334,-0.08235056666660512,12.448248333333334,0
2021-07-19 15:00:00,785.8270166666667,0.00031016666684990923,12.447420000000001,0
2021-07-19 15:30:00,785.83,0.25719880000019657,12.500818333333333,0
2021-07-19 16:00:00,785.8721,0.22384100000010676,12.609708333333334,0
2021-07-19 16:30:00,785.8829833333333,0.3132412333334287,12.745935000000001,0
2021-07-19 17:00:00,785.8098333333334,0.31452933333343935,12.916405000000001,0
2021-07-19 17:30:00,785.7028166666666,0.28704926666682695,13.087476666666667,0
2021-07-19 18:00:00,785.7191166666667,-0.1646930333332648,13.245056666666667,0
2021-07-19 18:30:00,786.2031,-0.07839269999999487,13.378006666666666,0
2021-07-19 19:00:00,787.4946,0.4401747000000569,13.39395,0
2021-07-19 19:30:00,788.6055333333334,0.6272598333334827,13.285363333333333,0
2021-07-19 20:00:00,788.5572333333333,0.8502000333332944,13.094948333333333,0
2021-07-19 20:30:00,787.9639166666666,1.0950767666665797,12.919031666666667,0
2021-07-19 21:00:00,787.4612666666667,0.9340262666667059,12.983968333333333,0
2021-07-19 21:30:00,787.33,0.6192136000000801,13.344943333333333,0
2021-07-19 22:00:00,787.77205,0.5340787000001228,13.70113,0
2021-07-19 22:30:00,787.7565166666667,1.232335366666689,13.859851666666668,0
2021-07-19 23:00:00,787.3682833333334,1.033766233333381,13.842795,0
2021-07-19 23:30:00,787.17685,0.9728545000000395,13.753131666666667,0
2021-07-20 00:00:00,787.2482333333332,1.203311033333307,13.666165,0
2021-07-20 00:30:00,791.5,5.788519599999972,13.556396666666666,0
2021-07-20 01:00:00,792.7567333333333,7.343005333333281,13.548768333333333,0
2021-07-20 01:30:00,792.1019833333334,6.906471133333412,13.652918333333334,0
2021-07-20 02:00:00,791.6112666666667,6.233228166666777,13.722873333333334,0
2021-07-20 02:30:00,791.3747500000001,5.769318400000088,13.749331666666668,0
2021-07-20 03:00:00,791.1265166666667,5.318164766666655,13.760613333333334,0
2021-07-20 03:30:00,790.7312666666667,4.86071306666679,13.772121666666667,0
2021-07-20 04:00:00,790.5789500000001,4.4912003000000595,13.752143333333334,0
2021-07-20 04:30:00,790.5840333333334,4.27194963333352,13.676043333333334,0
2021-07-20 05:00:00,790.4707166666667,4.00057946666675,13.551169999999999,0
2021-07-20 05:30:00,790.2937,3.8143854999999576,13.399136666666667,0
2021-07-20 06:00:00,790.0154666666666,3.701343566666651,13.232014999999999,0
2021-07-20 06:30:00,789.7656333333333,3.590189433333421,13.05891,0
2021-07-20 07:00:00,789.5737,3.4441426000000774,12.882103333333333,0
2021-07-20 07:30:00,789.4287833333333,3.3033047333333343,12.709716666666667,0
2021-07-20 08:00:00,789.2917666666667,3.1734259666667413,12.536208333333333,0
2021-07-20 08:30:00,789.0816,3.0846036000000367,12.371031666666667,0
2021-07-20 09:00:00,788.8696666666666,2.897143066666672,12.203716666666667,0
2021-07-20 09:30:00,788.6696666666667,2.8021721666667645,12.036523333333333,0
2021-07-20 10:00:00,788.61,2.693559900000082,11.871926666666667,0
2021-07-20 10:30:00,788.5398333333334,2.6519448333334594,11.703716666666667,0
2021-07-20 11:00:00,788.4679,2.6911588000000393,11.53091,0
2021-07-20 11:30:00,788.4359666666667,2.5582751666667036,11.362523333333334,0
2021-07-20 12:00:00,788.4370166666666,2.455315766666672,11.195821666666667,0
2021-07-20 12:30:00,788.3979,2.2866972000001624,11.030926666666666,0
2021-07-20 13:00:00,788.4221,2.2497152000000824,10.871136666666667,0
2021-07-20 13:30:00,788.4750833333334,2.2466150333334554,10.717346666666668,0
2021-07-20 14:00:00,788.49,2.299260600000025,10.573766666666668,0
2021-07-20 14:30:00,788.4549166666667,2.46709756666678,10.450606666666667,0
2021-07-20 15:00:00,788.4680666666667,2.8157288666667455,10.3739,0
2021-07-20 15:30:00,788.4238666666666,2.8989913666667917,10.384768333333334,0
2021-07-20 16:00:00,788.3158,3.0591057999999975,10.512775,0
2021-07-20 16:30:00,788.21685,3.173273100000074,10.783726666666666,0
2021-07-20 17:00:00,788.1058,3.233532700000069,11.219711666666667,0
2021-07-20 17:30:00,788.00685,3.221257200000082,11.713728333333334,0
2021-07-20 18:00:00,788.0571833333333,3.146167433333403,12.21564,0
2021-07-20 18:30:00,787.9917666666668,3.2031147666668858,12.7449,0
2021-07-20 19:00:00,787.84475,3.0836300000000847,13.303845,0
2021-07-20 19:30:00,787.6386166666667,3.1028503666667575,13.934696666666667,0
2021-07-20 20:00:00,787.3945833333333,3.0025947333333534,14.504988333333333,0
2021-07-20 20:30:00,787.17265,2.9672665000000507,15.065353333333334,0
2021-07-20 21:00:00,786.8574,2.750927400000137,15.57701,0
2021-07-20 21:30:00,786.5745833333333,2.6761295333333237,16.044065,0
2021-07-20 22:00:00,786.4017666666667,2.787809166666875,16.470086666666667,0
2021-07-20 22:30:00,786.1495,2.584488100000158,16.687023333333332,0
2021-07-20 23:00:00,785.8494999999999,2.5149403000000348,16.786641666666668,0
2021-07-20 23:30:00,785.6056333333333,2.40159523333341,16.922161666666668,0
2021-07-21 00:00:00,785.39265,2.3058774000000994,17.081266666666668,0
2021-07-21 00:30:00,785.1966833333333,2.101753133333432,17.183028333333333,0
2021-07-21 01:00:00,784.9295,2.1180464000000256,17.210911666666668,0
2021-07-21 01:30:00,784.7137,1.9726057000001447,17.15406,0
2021-07-21 02:00:00,784.6249166666666,1.8766844666666884,17.007611666666666,0
2021-07-21 02:30:00,784.54685,1.7251993999999513,16.839523333333332,0
2021-07-21 03:00:00,784.5410499999999,1.6408824999999752,16.684048333333333,0
2021-07-21 03:30:00,784.7043666666666,1.5248013666666793,16.534451666666666,0
2021-07-21 04:00:00,784.9103333333334,1.3524593333333996,16.368611666666666,0
2021-07-21 04:30:00,784.8787833333333,1.1108511333334263,16.199821666666665,0
2021-07-21 05:00:00,784.9663,1.152481300000204,16.022998333333334,0
2021-07-21 05:30:00,784.8375666666667,1.0920678666667527,15.849015,0
2021-07-21 06:00:00,784.6617666666667,0.9805089666667754,15.660473333333334,0
2021-07-21 06:30:00,784.62,0.9876879000000827,15.449036666666666,0
2021-07-21 07:00:00,784.5498333333334,0.8328861333334316,15.23244,0
2021-07-21 07:30:00,784.5340333333334,0.775278433333483,15.006616666666666,0
2021-07-21 08:00:00,784.4979,0.8074649999999792,14.778721666666668,0
2021-07-21 08:30:00,784.3747500000001,0.835230600000159,14.550318333333333,0
2021-07-21 09:00:00,784.2879,0.7290063000000373,14.322721666666666,0
2021-07-21 09:30:00,784.1858,0.7431521000000885,14.096423333333334,0
2021-07-21 10:00:00,784.15,0.7481401000000005,13.879545,0
2021-07-21 10:30:00,784.15,0.7063324000000648,13.663738333333333,0
2021-07-21 11:00:00,784.1079,0.7315326000000368,13.44744,0
2021-07-21 11:30:00,784.1040333333334,0.7327644333335002,13.234948333333334,0
2021-07-21 12:00:00,784.1591166666666,0.7072914666666748,13.023948333333333,0
2021-07-21 12:30:00,784.15895,0.46239680000007866,12.810843333333333,0
2021-07-21 13:00:00,784.2763,0.5104072000001452,12.597545,0
2021-07-21 13:30:00,784.3440333333334,0.5414313333334348,12.388053333333334,0
2021-07-21 14:00:00,784.3429833333333,0.6576468333333878,12.186368333333334,0
2021-07-21 14:30:00,784.2979,1.0571527000000742,12.010523333333333,0
2021-07-21 15:00:00,784.34315,1.3685444000000189,11.883816666666668,0
2021-07-21 15:30:00,784.2577333333334,1.4595358333334616,11.84679,0
2021-07-21 16:00:00,784.1959666666667,1.4864830666667785,11.918675,0
2021-07-21 16:30:00,784.1829833333334,1.7325035333334426,12.142256666666666,0
2021-07-21 17:00:00,784.11685,1.9243543000000045,12.562905,0
2021-07-21 17:30:00,784.06895,1.962109099999907,13.059236666666667,0
2021-07-21 18:00:00,783.9266833333334,1.9126351333334242,13.52896,0
2021-07-21 18:30:00,783.7998333333334,1.9601538333333792,14.017236666666665,0
2021-07-21 19:00:00,783.6717666666667,1.908564666666848,14.552215,0
2021-07-21 19:30:00,783.4966833333334,1.8905151333334516,15.133491666666666,0
2021-07-21 20:00:00,783.3558,1.791439500000024,15.731298333333333,0
2021-07-21 20:30:00,783.1375666666667,1.6588609666667935,16.317668333333334,0
2021-07-21 21:00:00,782.9828166666667,1.599962766666863,16.84043,0
2021-07-21 21:30:00,782.84475,1.559787300000039,17.315976666666664,0
2021-07-21 22:00:00,782.6315999999999,1.5740303999999696,17.723738333333333,0
2021-07-21 22:30:00,782.3845833333332,1.4544762333333665,18.02745,0
2021-07-21 23:00:00,782.2398333333333,1.4035386333332553,18.178868333333334,0
2021-07-21 23:30:00,782.0205500000001,1.3106981000000815,18.22163,0
2021-07-22 00:00:00,781.8628166666667,1.1539844666667705,18.194723333333336,0
2021-07-22 00:30:00,781.7387833333333,1.0697194333333755,18.111535,0
2021-07-22 01:00:00,781.6508833333334,0.9624451333335173,17.98938,0
2021-07-22 01:30:00,781.52475,0.8077602000000752,17.82510333333333,0
2021-07-22 02:00:00,781.5431500000001,0.6966583000001947,17.635175,0
2021-07-22 02:30:00,781.7033166666666,0.5295012666667844,17.438771666666668,0
2021-07-22 03:00:00,781.9003333333334,0.5215582333335078,17.26633,0
2021-07-22 03:30:00,782.14945,0.39746470000000045,17.105031666666665,0
2021-07-22 04:00:00,782.4826,0.19221310000023095,16.924384999999997,0
2021-07-22 04:30:00,782.8075166666666,0.08069816666670704,16.72486,0
2021-07-22 05:00:00,782.9842,0.0034762000001364868,16.50893166666667,0
2021-07-22 05:30:00,783.0059666666666,-0.06347103333337145,16.297755000000002,0
2021-07-22 06:00:00,783.0140333333334,0.07715663333351586,16.08865,0
2021-07-22 06:30:00,782.9498333333333,-0.0716784666666399,15.881456666666667,0
2021-07-22 07:00:00,783.02525,-0.2399700999999368,15.674053333333333,0
2021-07-22 07:30:00,783.1261333333333,-0.14622466666651235,15.444301666666666,0
2021-07-22 08:00:00,783.12895,-0.19439299999987725,15.198285,0
2021-07-22 08:30:00,783.0428166666667,-0.07352723333326594,14.952793333333334,0
2021-07-22 09:00:00,782.8275666666667,-0.057305333333147246,14.691953333333334,0
2021-07-22 09:30:00,782.6658,-0.07733369999994011,14.454826666666667,0
2021-07-22 10:00:00,782.5668499999999,-0.25378090000003795,14.216793333333333,0
2021-07-22 10:30:00,782.5329833333333,-0.32741586666668354,13.989633333333334,0
2021-07-22 11:00:00,782.4528166666666,-0.2505487333332894,13.777351666666666,0
2021-07-22 11:30:00,782.3849166666666,-0.10737083333322062,13.564141666666666,0
2021-07-22 12:00:00,782.5384,-0.130295599999954,13.35686,0
2021-07-22 12:30:00,782.7222666666667,-0.17994023333324094,13.16128,0
2021-07-22 13:00:00,782.8892833333333,-0.1424254666667366,12.977699999999999,0
2021-07-22 13:30:00,783.0803333333333,-0.13288206666663882,12.800506666666665,0
2021-07-22 14:00:00,783.2592833333333,0.06544223333344235,12.63012,0
2021-07-22 14:30:00,783.3170166666666,0.40971126666670443,12.494396666666667,0
2021-07-22 15:00:00,783.3691166666666,0.6310814666667284,12.394148333333334,0
2021-07-22 15:30:00,783.3619333333334,0.6483709333333536,12.378226666666666,0
2021-07-22 16:00:00,783.3429833333333,0.7630016333333742,12.477023333333333,0
2021-07-22 16:30:00,783.34,0.9690568000000894,12.742234999999999,0
2021-07-22 17:00:00,783.4733166666666,1.0422111666666751,13.210585,0
2021-07-22 17:30:00,783.6703333333334,1.1240017333334436,13.751408333333334,0
2021-07-22 18:00:00,783.7089500000001,1.2849824000001036,14.290093333333333,0
2021-07-22 18:30:00,783.6579,1.2614643000001706,14.866088333333332,0
2021-07-22 19:00:00,783.6259666666666,1.1214427666667461,15.475928333333334,0
2021-07-22 19:30:00,783.6621,1.2391521000000694,16.103453333333334,0
2021-07-22 20:00:00,783.6028166666667,1.1237852666668005,16.625291666666666,0
2021-07-22 20:30:00,783.6121,1.054551700000161,17.04065,0
2021-07-22 21:00:00,783.6019333333334,0.8995876333334536,17.43907,0
2021-07-22 21:30:00,783.52685,0.9040409000000409,17.795461666666668,0
2021-07-22 22:00:00,783.39475,0.9085807000000159,18.148600000000002,0
2021-07-22 22:30:00,783.20265,0.7786823999999797,18.451765,0
2021-07-22 23:00:00,783.0417666666667,0.5963853666668228,18.60657,0
2021-07-22 23:30:00,783.0140333333334,0.606380933333412,18.673486666666665,0
2021-07-23 00:00:00,783.0129833333333,0.5410898333333307,18.653916666666667,0
2021-07-23 00:30:00,783.0240333333334,0.4307955333334803,18.532346666666665,0
2021-07-23 01:00:00,783.00895,0.3290377000000717,18.3186,0
2021-07-23 01:30:00,783.1263,0.34237830000017766,18.049129999999998,0
2021-07-23 02:00:00,783.28525,0.1994971000001442,17.77905833333333,0
2021-07-23 02:30:00,783.4142,0.10411310000006324,17.539318333333334,0
2021-07-23 03:00:00,783.6043666666667,0.0781033666668236,17.33978833333333,0
2021-07-23 03:30:00,783.7401666666666,-0.21742973333346072,17.169628333333332,0
2021-07-23 04:00:00,783.83315,0.029528300000038143,17.01154,0
2021-07-23 04:30:00,784.0634833333334,-0.31830826666657686,16.835191666666667,0
2021-07-23 05:00:00,784.1570166666667,-0.447069533333206,16.636860000000002,0
2021-07-23 05:30:00,784.3424333333332,-0.5685825666666915,16.43145666666667,0
2021-07-23 06:00:00,784.3498333333333,-0.4214836666666315,16.232473333333335,0
2021-07-23 06:30:00,784.2849166666666,-0.6006067333332794,16.03086,0
2021-07-23 07:00:00,784.3401666666666,-0.6228539333333174,15.824755,0
2021-07-23 07:30:00,784.3770166666667,-0.6237328333332925,15.622666666666667,0
2021-07-23 08:00:00,784.38,-0.5901585000000296,15.407931666666666,0
2021-07-23 08:30:00,784.3449166666667,-0.6568525333332218,15.19465,0
2021-07-23 09:00:00,784.33,-0.5820355999999265,14.985351666666666,0
2021-07-23 09:30:00,784.2107166666667,-0.5809943333331375,14.775649999999999,0
2021-07-23 10:00:00,784.1179,-0.5687818999998626,14.576175000000001,0
2021-07-23 10:30:00,784.0158,-0.5872664999999415,14.381175,0
2021-07-23 11:00:00,783.9028166666667,-0.6462057333332041,14.189683333333333,0
2021-07-23 11:30:00,783.9892833333333,-0.5627981666665391,14.001788333333334,0
2021-07-23 12:00:00,784.1522666666667,-0.4273467333332519,13.817595,0
2021-07-23 12:30:00,784.2280666666667,-0.4045711333333202,13.635998333333333,0
2021-07-23 13:00:00,784.3171833333333,-0.43985786666655713,13.449385000000001,0
2021-07-23 13:30:00,784.4622666666667,-0.5333843333332879,13.2667,0
2021-07-23 14:00:00,784.5450833333333,-0.38122806666672204,13.09512,0
2021-07-23 14:30:00,784.5670166666666,-0.02687253333328954,12.951678333333334,0
2021-07-23 15:00:00,784.63315,0.22994470000014644,12.849551666666667,0
2021-07-23 15:30:00,784.68105,0.3145539000000781,12.832121666666668,0
2021-07-23 16:00:00,784.7321000000001,0.505302800000095,12.932128333333335,0
2021-07-23 16:30:00,784.64475,0.5331789000001663,13.19613,0
2021-07-23 17:00:00,784.5298333333334,0.664009933333432,13.664286666666667,0
2021-07-23 17:30:00,784.4859666666666,0.6731676666666999,14.204706666666667,0
2021-07-23 18:00:00,784.3537,0.46340380000003734,14.750811666666667,0
2021-07-23 18:30:00,784.5034833333333,0.5183550333333642,15.256413333333333,0
2021-07-23 19:00:00,784.56895,0.6460234000001037,15.594958333333333,0
2021-07-23 19:30:00,784.4898333333333,0.5658870333334107,15.742956666666666,0
2021-07-23 20:00:00,784.5442,0.6335098000001835,15.815205,0
2021-07-23 20:30:00,784.6922666666667,0.6857246666668289,15.737871666666665,0
2021-07-23 21:00:00,784.7329833333333,0.7478550333333942,15.595258333333334,0
2021-07-23 21:30:00,784.6879,0.5885653000000275,15.601818333333332,0
2021-07-23 22:00:00,784.6559666666666,0.44956346666663194,15.858058333333334,0
2021-07-23 22:30:00,784.5377333333333,0.3466256333333604,16.270241666666667,0
2021-07-23 23:00:00,784.4549166666667,0.3056166666666513,16.734888333333334,0
2021-07-23 23:30:00,784.3838666666667,0.3814034666668249,17.151754999999998,0
2021-07-24 00:00:00,784.1916,0.24012179999999717,17.407228333333332,0
2021-07-24 00:30:00,784.0077333333334,0.11947653333345443,17.49406666666667,0
2021-07-24 01:00:00,783.85475,0.06540410000002339,17.441446666666668,0
2021-07-24 01:30:00,783.7678999999999,-0.0448989999999867,17.306645,0
2021-07-24 02:00:00,783.8763,-0.2648423999999068,17.114351666666668,0
2021-07-24 02:30:00,784.0492833333333,-0.22442006666665293,16.908158333333333,0
2021-07-24 03:00:00,784.0929833333333,-0.26229606666652217,16.744556666666668,0
2021-07-24 03:30:00,784.3426000000001,-0.4470715999998447,16.60838,0
2021-07-24 04:00:00,784.6113833333333,-0.44239056666663146,16.46024166666667,0
2021-07-24 04:30:00,784.8624333333333,-0.6083978666665644,16.294014999999998,0
2021-07-24 05:00:00,784.9119333333333,-0.6312965666666059,16.112489999999998,0
2021-07-24 05:30:00,784.8087833333333,-0.6477720666666755,15.944733333333334,0
2021-07-24 06:00:00,784.7138666666667,-0.6866052333332391,15.785435,0
2021-07-24 06:30:00,784.6408833333334,-0.5831804666664766,15.621523333333332,0
2021-07-24 07:00:00,784.4866833333333,-0.6476468666666051,15.471661666666666,0
2021-07-24 07:30:00,784.2265166666666,-0.6426915333333909,15.318136666666668,0
2021-07-24 08:00:00,784.1329833333333,-0.7525400666665973,15.160136666666666,0
2021-07-24 08:30:00,784.02475,-0.7445275999999694,15.004943333333333,0
2021-07-24 09:00:00,783.8537,-0.8023908999999776,14.850241666666667,0
2021-07-24 09:30:00,783.8070166666666,-0.8246014333333278,14.700153333333335,0
2021-07-24 10:00:00,783.8661333333333,-0.8409425666666266,14.552153333333333,0
2021-07-24 10:30:00,783.8619333333334,-0.7186997666666457,14.407661666666666,0
2021-07-24 11:00:00,783.78685,-0.734640499999955,14.266766666666667,0
2021-07-24 11:30:00,783.7950833333333,-0.6866388666666126,14.112031666666667,0
2021-07-24 12:00:00,783.8029833333333,-0.6359114666665846,13.959451666666666,0
2021-07-24 12:30:00,783.8842,-0.6760390999999117,13.804136666666666,0
2021-07-24 13:00:00,784.06735,-0.6223909999998796,13.647540000000001,0
2021-07-24 13:30:00,784.2142,-0.6264565999998695,13.503468333333334,0
2021-07-24 14:00:00,784.3061333333334,-0.4753806666666378,13.377098333333333,0
2021-07-24 14:30:00,784.2598333333334,-0.14337196666645013,13.281358333333333,0
2021-07-24 15:00:00,784.2931500000001,-0.06212939999977607,13.219513333333333,0
2021-07-24 15:30:00,784.3761333333333,0.11160723333341593,13.227856666666666,0
2021-07-24 16:00:00,784.2877333333333,0.18635923333329174,13.336935,0
2021-07-24 16:30:00,784.2189500000001,0.29296430000010787,13.602129999999999,0
2021-07-24 17:00:00,784.1328166666667,0.4637953666667727,14.111685,0
2021-07-24 17:30:00,784.0228166666667,0.47310026666673366,14.656375,0
2021-07-24 18:00:00,783.9549166666667,0.41947606666678894,15.106998333333333,0
2021-07-24 18:30:00,783.8487833333334,0.5019872333334661,15.669138333333333,0
2021-07-24 19:00:00,783.7749166666666,0.3750961666667081,16.270386666666667,0
2021-07-24 19:30:00,783.7108833333334,0.41201313333351663,16.658201666666667,0
2021-07-24 20:00:00,783.6479,0.33577370000011797,16.813255,0
2021-07-24 20:30:00,783.5598333333334,0.4139181333334818,17.032555000000002,0
2021-07-24 21:00:00,783.4458,0.47935199999994893,17.15750333333333,0
2021-07-24 21:30:00,783.3608833333334,0.36384433333341804,17.232835,0
2021-07-24 22:00:00,783.3049166666666,0.31807466666668915,17.253491666666665,0
2021-07-24 22:30:00,783.2759666666666,0.22284416666661855,17.243579999999998,0
2021-07-24 23:00:00,783.2068499999999,0.3026036999999633,17.312271666666668,0
2021-07-24 23:30:00,783.0256333333333,0.3783514333333642,17.38931,0
2021-07-25 00:00:00,783.0792833333334,0.24845543333333353,17.423735,0
2021-07-25 00:30:00,783.1931500000001,0.34090840000010303,17.424386666666667,0
2021-07-25 01:00:00,783.0305500000001,0.3414604000001873,17.417088333333332,0
2021-07-25 01:30:00,782.67635,0.19833830000004582,17.403071666666666,0
2021-07-25 02:00:00,782.5880666666667,-0.10000323333315464,17.363618333333335,0
2021-07-25 02:30:00,782.5158,-0.07029990000000907,17.269711666666666,0
2021-07-25 03:00:00,782.3817666666667,-0.1400921333331553,17.16162333333333,0
2021-07-25 03:30:00,782.5084,-0.40706299999988005,17.052816666666665,0
2021-07-25 04:00:00,782.8606666666667,-0.445341433333283,16.919661666666666,0
2021-07-25 04:30:00,783.0080666666667,-0.5171769333333032,16.762628333333332,0
2021-07-25 05:00:00,783.1533166666667,-0.5422168333333275,16.608048333333333,0
2021-07-25 05:30:00,783.18895,-0.4413227000000006,16.466871666666666,0
2021-07-25 06:00:00,783.1659666666666,-0.3123707333332959,16.338291666666667,0
2021-07-25 06:30:00,783.0828166666666,-0.35167363333323465,16.209783333333334,0
2021-07-25 07:00:00,783.1061333333333,-0.35996766666653457,16.086098333333332,0
2021-07-25 07:30:00,783.23525,-0.16151139999999486,15.96159,0
2021-07-25 08:00:00,783.1958,-0.03984879999995883,15.830678333333333,0
2021-07-25 08:30:00,783.2091166666667,-0.1641916333331892,15.699783333333333,0
2021-07-25 09:00:00,783.2580666666667,-0.058138433333169814,15.562064999999999,0
2021-07-25 09:30:00,783.2629833333333,-0.09706886666663195,15.412645000000001,0
2021-07-25 10:00:00,783.2880666666666,-0.1086947333333228,15.250523333333334,0
2021-07-25 10:30:00,783.2438666666667,0.02045426666666117,15.08312,0
2021-07-25 11:00:00,783.2691166666666,-0.0389308333333247,14.912313333333334,0
2021-07-25 11:30:00,783.2759666666666,-0.11161743333332197,14.733296666666668,0
2021-07-25 12:00:00,783.33315,-0.07482809999987694,14.559014999999999,0
2021-07-25 12:30:00,783.38105,-0.13603599999987637,14.396435,0
2021-07-25 13:00:00,783.4742,-0.16219089999992775,14.250065,0
2021-07-25 13:30:00,783.5661333333334,-0.11104556666657572,14.108363333333333,0
2021-07-25 14:00:00,783.5829833333333,-0.026895366666622067,13.975484999999999,0
2021-07-25 14:30:00,783.58,0.30458290000012767,13.859816666666667,0
2021-07-25 15:00:00,783.5379,0.5378019000000904,13.779988333333334,0
2021-07-25 15:30:00,783.5410499999999,0.553188299999988,13.769121666666667,0
2021-07-25 16:00:00,783.4658,0.6268145000000231,13.856498333333333,0
2021-07-25 16:30:00,783.3949166666666,0.7364180666667153,14.101096666666667,0
2021-07-25 17:00:00,783.3238666666666,0.8458549666667068,14.593458333333334,0
2021-07-25 17:30:00,783.2298333333333,0.8792841333333854,15.154425,0
2021-07-25 18:00:00,783.0807166666667,0.4946167666666952,15.674341666666667,0
2021-07-25 18:30:00,783.0791166666667,0.5440017666668382,16.078301666666665,0
2021-07-25 19:00:00,783.0158,0.48068510000018705,16.355803333333334,0
2021-07-25 19:30:00,783.08525,0.4440863000000945,16.45747,0
2021-07-25 20:00:00,783.1650833333333,0.583062233333294,16.420883333333332,0
2021-07-25 20:30:00,783.4606666666667,0.4636276666667527,16.34106,0
2021-07-25 21:00:00,783.9308333333333,0.3362501333333512,16.19812,0
2021-07-25 21:30:00,784.4729333333333,0.32975153333336493,16.037838333333333,0
2021-07-25 22:00:00,784.4295,0.5718342000001257,15.869611666666666,0
2021-07-25 22:30:00,784.3540333333334,0.504525133333459,15.782916666666667,0
2021-07-25 23:00:00,784.0653000000001,0.65732190000017,15.80589,0
2021-07-25 23:30:00,783.6453,0.8766738000000487,15.899183333333333,0
2021-07-26 00:00:00,783.33055,1.25735920000011,16.049178333333334,0
2021-07-26 00:30:00,783.1377333333334,1.2103596333333826,16.227405,0
2021-07-26 01:00:00,782.8303833333333,1.5331842333333725,16.42514,0
2021-07-26 01:30:00,782.6007166666667,1.2994387666667535,16.559675000000002,0
2021-07-26 02:00:00,782.6833166666667,1.1169167666668045,16.591701666666665,0
2021-07-26 02:30:00,782.7821,0.8180171000001337,16.529551666666666,0
2021-07-26 03:00:00,782.8280666666667,0.8079002666668202,16.41459,0
2021-07-26 03:30:00,782.90315,0.8585107999999764,16.268943333333333,0
2021-07-26 04:00:00,783.0422666666667,0.8579285666667147,16.11775,0
2021-07-26 04:30:00,783.1671833333334,1.0154756333334944,15.989501666666667,0
2021-07-26 05:00:00,783.22105,1.2824596000000383,15.892253333333333,0
2021-07-26 05:30:00,783.1738666666666,1.2291580666666277,15.813375,0
2021-07-26 06:00:00,783.0307166666666,1.23284486666671,15.741181666666668,0
2021-07-26 06:30:00,782.9379,1.0645704000000933,15.671585,0
2021-07-26 07:00:00,782.8779,0.84957600000007,15.59206,0
2021-07-26 07:30:00,782.88105,0.8353910999999243,15.501745,0
2021-07-26 08:00:00,782.8128166666667,0.7477834666667604,15.399623333333334,0
2021-07-26 08:30:00,782.7519333333333,0.7358457333334627,15.280993333333333,0
2021-07-26 09:00:00,782.6417666666667,0.6348563666668952,15.14296,0
2021-07-26 09:30:00,782.62105,0.4948348000000351,14.993346666666667,0
2021-07-26 10:00:00,782.6650833333333,0.4205829333333213,14.835031666666668,0
2021-07-26 10:30:00,782.5396666666667,0.25641766666672083,14.672628333333334,0
2021-07-26 11:00:00,782.5642,0.28299040000001696,14.515241666666666,0
2021-07-26 11:30:00,782.4877333333334,0.4043455333334123,14.367258333333334,0
2021-07-26 12:00:00,782.3698333333334,0.3139774333335481,14.217346666666668,0
2021-07-26 12:30:00,782.3049166666666,0.32043976666659546,14.061838333333334,0
2021-07-26 13:00:00,782.2338666666667,0.2677443666667614,13.902733333333334,0
2021-07-26 13:30:00,782.2450833333334,0.10561203333338653,13.742031666666668,0
2021-07-26 14:00:00,782.32315,0.21121060000018588,13.602081666666667,0
2021-07-26 14:30:00,782.3640333333334,0.41116713333337884,13.501955,0
2021-07-26 15:00:00,782.3349166666667,0.7369060666667338,13.443021666666667,0
2021-07-26 15:30:00,782.25685,0.8719567000000552,13.430403333333333,0
2021-07-26 16:00:00,782.1458,1.0596788000001425,13.489238333333333,0
2021-07-26 16:30:00,782.0117666666667,1.0653443666668636,13.676786666666667,0
2021-07-26 17:00:00,781.8577333333333,1.1193298333333814,14.035788333333334,0
2021-07-26 17:30:00,781.8380666666667,1.001771966666638,14.44949,0
2021-07-26 18:00:00,781.85,1.0371584000000666,14.927341666666667,0
2021-07-26 18:30:00,781.7728166666667,0.9834281666668403,15.430938333333334,0
2021-07-26 19:00:00,781.6207166666667,0.6386048666668103,15.878506666666667,0
2021-07-26 19:30:00,781.4577333333333,0.47868063333328337,16.339695,0
2021-07-26 20:00:00,781.4450833333334,0.6363205333334463,16.605493333333335,0
2021-07-26 20:30:00,781.5582333333333,0.5394123333333027,16.709221666666668,0
2021-07-26 21:00:00,781.4245833333333,0.9931095333333815,16.692408333333333,0
2021-07-26 21:30:00,781.2237,0.5311830000000555,16.647231666666666,0
2021-07-26 22:00:00,781.0998333333333,0.5510940333334702,16.55501,0
2021-07-26 22:30:00,781.1261333333333,0.6610094333333336,16.509071666666667,0
2021-07-26 23:00:00,781.1921,0.5995136000001366,16.499088333333333,0
2021-07-26 23:30:00,781.2029833333333,0.5257618333333767,16.49419333333333,0
2021-07-27 00:00:00,781.05265,0.45598480000012387,16.52176833333333,0
2021-07-27 00:30:00,780.9619333333334,0.14093413333341687,16.59715,0
2021-07-27 01:00:00,781.3218833333334,-0.13642836666656422,16.626105,0
2021-07-27 01:30:00,781.2133666666667,0.16293496666673946,16.595425,0
2021-07-27 02:00:00,781.3596166666667,-0.09665563333328464,16.518148333333333,0
2021-07-27 02:30:00,781.53315,-0.20353979999993044,16.40259,0
2021-07-27 03:00:00,781.91785,-0.27872449999995297,16.259048333333332,0
2021-07-27 03:30:00,782.6313333333334,-0.33103586666663887,16.10734666666667,0
2021-07-27 04:00:00,783.4734333333333,-1.0276631666665708,15.909036666666667,0
2021-07-27 04:30:00,783.83525,-0.5037141999999903,15.693843333333334,0
2021-07-27 05:00:00,783.7677333333334,-0.2948921666665001,15.490368333333333,0
2021-07-27 05:30:00,783.57265,0.25542520000010427,15.307506666666667,0
2021-07-27 06:00:00,783.3486166666667,0.5310448666666616,15.164484999999999,0
2021-07-27 06:30:00,783.3501666666666,0.722259066666652,15.05022,0
2021-07-27 07:00:00,783.27475,0.7722655000001168,14.955551666666667,0
2021-07-27 07:30:00,783.75625,1.3751098000000184,14.868656666666666,0
2021-07-27 08:00:00,792.3929833333334,10.166837533333478,14.768623333333334,0
2021-07-27 08:30:00,795.27535,13.23988810000003,14.563688333333333,0
2021-07-27 09:00:00,794.3063999999999,12.30968669999993,14.310373333333333,0
2021-07-27 09:30:00,793.5569,11.37358160000008,14.059986666666667,0
2021-07-27 10:00:00,792.8197166666666,10.510975166666753,13.802163333333334,0
2021-07-27 10:30:00,792.1830333333334,9.82432653333342,13.528235,0
2021-07-27 11:00:00,791.69425,9.160154799999987,13.256953333333334,0
2021-07-27 11:30:00,791.16005,8.468921000000023,13.01702,0
2021-07-27 12:00:00,790.9970166666667,8.131518966666704,12.825506666666666,0
2021-07-27 12:30:00,790.72635,7.810887000000093,12.682485,0
2021-07-27 13:00:00,790.54685,7.4478410000000395,12.575938333333333,0
2021-07-27 13:30:00,790.5550833333334,7.187893233333398,12.476833333333333,0
2021-07-27 14:00:00,790.4928166666667,6.896194066666794,12.398585,0
2021-07-27 14:30:00,790.5582333333333,6.694449333333409,12.361861666666668,0
2021-07-27 15:00:00,790.5158,6.645897800000057,12.357105,0
2021-07-27 15:30:00,790.50105,6.415991100000042,12.372033333333334,0
2021-07-27 16:00:00,790.5380666666666,6.121605266666734,12.393436666666666,0
2021-07-27 16:30:00,790.4587833333333,6.1646859333334305,12.444906666666666,0
2021-07-27 17:00:00,790.44105,6.217311900000027,12.68292,0
2021-07-27 17:30:00,790.4219333333333,6.2858894333332955,13.067191666666668,0
2021-07-27 18:00:00,790.2135333333333,6.1876170333333675,13.47728,0
2021-07-27 18:30:00,790.2773500000001,6.232059400000139,13.842478333333332,0
2021-07-27 19:00:00,790.1645833333333,6.257971933333465,14.266661666666668,0
2021-07-27 19:30:00,789.9777333333333,6.0537870333333785,14.81137,0
2021-07-27 20:00:00,789.8177333333333,5.875432433333344,15.420033333333333,0
2021-07-27 20:30:00,789.8401666666666,5.76428506666673,15.999336666666668,0
2021-07-27 21:00:00,789.7296666666666,5.710888266666643,16.538181666666667,0
2021-07-27 21:30:00,789.5507166666666,5.599238466666634,17.015258333333335,0
2021-07-27 22:00:00,789.3175666666667,5.400758266666799,17.430263333333333,0
2021-07-27 22:30:00,789.0786166666667,5.2688767666668355,17.783356666666666,0
2021-07-27 23:00:00,788.8977333333333,5.105328333333432,18.022631666666665,0
2021-07-27 23:30:00,788.7096666666666,5.057980266666618,18.17111166666667,0
2021-07-28 00:00:00,788.5307166666666,4.884128766666663,18.223735,0
2021-07-28 00:30:00,788.3537,4.7173091000000795,18.189303333333335,0
2021-07-28 01:00:00,788.1175666666667,4.50360916666682,18.09972833333333,0
2021-07-28 01:30:00,787.9979,4.276874000000021,17.94410333333333,0
2021-07-28 02:00:00,788.0291166666666,4.128623466666568,17.74926333333333,0
2021-07-28 02:30:00,788.11315,3.955692400000089,17.55428,0
2021-07-28 03:00:00,788.1961333333334,3.806184133333545,17.35386,0
2021-07-28 03:30:00,788.3463,3.707544000000212,17.133721666666666,0
2021-07-28 04:00:00,788.5263,3.5224914000000354,16.88216333333333,0
2021-07-28 04:30:00,788.7975166666666,3.3185278666667273,16.625776666666667,0
2021-07-28 05:00:00,789.1075166666667,3.285908666666842,16.375986666666666,0
2021-07-28 05:30:00,789.2280666666667,3.2789961666667296,16.125881666666665,0
2021-07-28 06:00:00,789.26105,3.19471400000009,15.873478333333333,0
2021-07-28 06:30:00,789.3963,3.037310100000127,15.630301666666666,0
2021-07-28 07:00:00,789.3938666666667,2.944123466666724,15.387091666666667,0
2021-07-28 07:30:00,789.39105,3.0177843000000166,15.149108333333334,0
2021-07-28 08:00:00,789.2316,3.089806199999998,14.913406666666667,0
2021-07-28 08:30:00,789.2301666666666,2.948673966666661,14.683721666666667,0
2021-07-28 09:00:00,789.2108833333334,2.8794253333334154,14.466545,0
2021-07-28 09:30:00,789.2882333333333,2.94147983333346,14.26828,0
2021-07-28 10:00:00,789.3159666666667,3.060986166666794,14.095225,0
2021-07-28 10:30:00,789.2819333333333,3.1146470333334264,13.918296666666667,0
2021-07-28 11:00:00,789.08055,3.0784551000001557,13.724368333333333,0
2021-07-28 11:30:00,789.0350833333333,3.0023974333333854,13.526771666666667,0
2021-07-28 12:00:00,789.0570166666666,3.035547466666685,13.331175,0
2021-07-28 12:30:00,789.1371833333333,2.8720058333333327,13.13828,0
2021-07-28 13:00:00,789.2401666666666,2.821014466666611,12.951893333333333,0
2021-07-28 13:30:00,789.3892833333333,2.744777433333411,12.759473333333334,0
2021-07-28 14:00:00,789.3558,2.9356281000001445,12.593645,0
2021-07-28 14:30:00,789.3691166666666,3.1753181666666705,12.481341666666665,0
2021-07-28 15:00:00,789.3058,3.169104700000048,12.433353333333333,0
2021-07-28 15:30:00,789.2770166666667,3.3371234666667533,12.455873333333333,0
2021-07-28 16:00:00,789.3010499999999,3.550820999999928,12.560216666666667,0
2021-07-28 16:30:00,789.1836999999999,3.732243100000005,12.753366666666667,0
2021-07-28 17:00:00,789.0177333333334,3.805905933333406,13.085633333333334,0
2021-07-28 17:30:00,788.9840333333334,3.572344733333466,13.381433333333334,0
2021-07-28 18:00:00,788.99,3.509991500000069,13.459,0
